유사도 30미만,유사도 30이상 60미만,유사도 60이상80미만,유사도 80이상
아쉽게도 두 분의 매력이 너무 달라서 비슷한 점을 찾기 힘드네요.,"두 분은 비슷한 매력을 가지고 있지만, 각각의 개성이 독특하게 드러나네요.","두 분, 마치 같은 거울에서 나온 것처럼 보이네요! 닮은 매력이 폭발적입니다!",완전히 한 몸 같아요! 나란히 서면 헷갈리기 딱 좋네요!
서로 다른 개성이 뚜렷하게 느껴지네요. 닮은 부분은 찾기 어려운 것 같습니다.,"공통된 느낌이 느껴지긴 하지만, 각자의 매력이 더욱 눈에 띕니다.",와우! 서로의 미소가 너무 비슷해서 팬클럽을 만들어야겠어요!,이 정도면 DNA를 공유하신 것 아닌가요? 서로의 쌍둥이 느낌이 가득해요!
확실히 다른 분위기네요. 각자의 매력이 너무 달라서 흥미롭습니다.,"서로 닮은 듯하면서도, 각자의 색깔이 확연히 다릅니다.",이건 진짜 쌍둥이의 비밀을 발견한 느낌이에요. 매력이 넘쳐납니다!,"두 분, 마치 서로의 거울을 보고 있는 것 같아요. 쌍둥이인가요?"
이 정도면 서로 잘 모르실 것 같아요. 매력이 너무 다릅니다.,"비슷한 분위기가 감돌지만, 개성이 뚜렷하게 느껴집니다.","두 분의 스타일이 맞물려서, 패션쇼를 열어도 무방할 듯해요!",여러분은 패션 쌍둥이로 등극하셨어요! 함께 다니면 인기 폭발!
"흥미로운 조합이긴 한데, 닮은 부분은 없네요. 독특합니다.","닮은 점이 몇 가지 있지만, 각자의 매력이 강하게 부각되네요.",이 정도면 같은 별에서 온 듯한 느낌! 개성은 잠시 내려두고요!,누가 봐도 서로를 구분하기 힘든 비주얼! 이건 대체 어떻게 된 건가요?
서로 다른 매력이 강하게 느껴지는 모습이에요. 닮은 점이 없습니다.,"유사한 점이 있지만, 두 분의 독창적인 매력은 다르게 표현됩니다.","서로의 매력이 흡사해, 혹시 형제 아니세요? 헷갈릴 정도예요!","이 정도로 비슷하면, 이제는 함께 광고 모델로 나가야겠어요!"
아쉽게도 비슷함은 전혀 느껴지지 않네요. 각자의 매력이 눈에 띄어요.,"서로 비슷해 보이지만, 각각의 개성이 더욱 매력적으로 다가옵니다.","두 분, 마치 한 드라마의 캐릭터 같아요. 매력이 가득하네요!",마치 같은 드라마의 캐릭터 같아요! 다음 시즌을 함께 하셔야 해요!
서로 다른 개성이 강조되는 사진이네요. 닮은 부분이 없어서 흥미롭습니다.,"유사한 요소가 있지만, 각자의 독특한 매력이 뚜렷하게 드러납니다.",닮은 점이 많아 사진 한 장 찍으면 유명해질 것 같아요!,"두 분의 매력, 정말 완벽하게 맞아떨어지네요. 팬미팅을 열어도 좋겠어요!"
전혀 다른 스타일이네요! 매력이 강하지만 닮은 점은 없습니다.,"닮은 부분이 있지만, 여전히 서로 다른 매력이 느껴져요.","두 분의 매력이 서로를 끌어당기니, 마치 쌍둥이처럼 보입니다!","같은 스타일부터 행동까지, 이건 진짜 동생이 아니고선 설명이 안 돼요!"
확실히 두 분의 매력은 다르네요. 비슷한 점이 없어서 재미있습니다.,"비슷한 매력을 지녔지만, 개성의 차이가 더욱 두드러지네요.",이 정도면 형제 자매처럼 닮았네요. 패션 대결 해보세요!,"이렇게 닮은 분들이 함께하면, 사진 한 장으로 화제성이 엄청날 듯해요!"
"흥미로운 차이가 있지만, 닮은 점이 없네요. 각자의 매력이 돋보입니다.","두 분의 스타일이 유사하지만, 독창성이 강하게 나타납니다.","두 분의 스타일이 비슷해, 함께 광고에 나가면 대박날 것 같아요!","서로의 미소가 너무 비슷해, 나란히 서면 웃음이 절로 나올 것 같아요!"
아쉽게도 서로 닮은 부분이 없는 것 같아요! 매력이 다릅니다.,"닮은 점이 있지만, 각자의 개성이 서로 다르게 표현됩니다.","서로의 매력이 닮아, 팬미팅을 해도 재밌겠어요!",이건 쌍둥이 프로젝트가 아니고선 불가능한 조합이에요!
"전혀 다른 느낌으로 정말 흥미롭지만, 닮은 점은 없네요.","비슷한 분위기가 느껴지지만, 독창적인 매력도 강하게 드러나요.","두 분, 정말 똑같이 생기셨네요. 이제 함께 사진 찍어야죠!","두 분의 닮은 점이 너무 많아, 이제 팬클럽도 만들어야 할 것 같아요!"
이 정도면 정말 다른 두 분이시네요! 매력이 확연히 다릅니다.,"유사점이 있으나, 각자의 매력이 뚜렷하게 다르게 느껴집니다.","이 정도 닮았다면, 패션 블로그를 시작하는 건 어떠세요?",이 정도면 서로의 스타일을 뺏어입어도 문제 없겠어요!
"각자의 매력이 강하게 느껴지지만, 닮은 점은 찾기 힘들어요.","서로 닮은 듯 하지만, 각각의 개성이 뚜렷하게 보입니다.",두 분의 매력이 통하는 것 같아요. 서로의 팬이 되어도 좋겠네요!,"두 분의 매력이 맞물려서, 쌍둥이 패션쇼를 열어야 할 듯!"
아쉽게도 서로 닮은 부분이 없네요. 독특합니다.,"닮은 느낌이 드는 동시에, 두 분의 개성이 매력적으로 부각됩니다.",서로의 미소가 귀여워서 쌍둥이 같아요. 지금 같이 나가야 해요!,"마치 서로의 영혼을 나눈 듯한 느낌, 이건 진짜 쌍둥이 아닐까요?"
"흥미로운 차이지만, 닮은 점은 없네요. 각자의 매력이 돋보입니다.","비슷한 매력이 느껴지지만, 독특함이 더욱 강조됩니다.",두 분은 마치 서로의 스타일을 훔쳐본 것처럼 닮았어요!,이 정도면 서로의 커플룩을 맞춰입는 것도 재미있겠네요!
"전혀 다른 느낌으로 정말 흥미롭지만, 닮은 점은 전혀 없네요.","서로 유사한 매력을 지니고 있지만, 각자의 개성이 매력적으로 다릅니다.",이 정도면 함께 다니면 시선 강탈! 패션 아이콘으로 나아가야죠!,"닮은 점이 너무 많아서, 함께 걸어다니면 시선 강탈은 기본이에요!"
"아쉽지만, 서로 다른 매력이 강하게 드러나는 모습입니다.","닮은 듯하나, 서로의 매력이 독창적으로 표현되어요.",두 분의 매력이 정말 매력적이에요. 함께하는 순간이 기대돼요!,두 분은 진짜 쌍둥이처럼 보이네요! 나란히 서면 누가 누군지 모를 듯!
"비슷한 점은 찾기 힘들지만, 각자의 매력이 독특합니다.","비슷한 요소가 느껴지지만, 각자의 개성이 돋보입니다.","서로의 매력이 비슷한 덕분에, 함께 댄스 배틀을 해도 재미있을 것 같아요!","이 정도로 비슷하면, 이제는 서로의 소중한 비밀을 나누셔야 해요!"
이 정도면 서로 다른 매력이 두드러지네요. 닮은 부분은 없네요.,"유사한 매력을 느끼지만, 차별화된 독창성이 느껴져요.",이 정도면 이제 서로의 비밀을 나누는 친구가 되어야겠어요!,여러분은 마치 한 쌍의 슈퍼히어로 같아요! 함께 세상을 구해야 할 것 같아요!
"정말 흥미로운 두 분이지만, 비슷한 점은 없는 것 같습니다.","서로 닮은 듯하면서도, 각각의 매력이 뚜렷하게 드러납니다.",두 분의 매력이 함께라면 진짜 완벽한 조합이네요!,"두 분의 매력은 완벽한 조화, 이제 함께 다니면 완벽한 팀이죠!"
각자의 매력이 너무 달라서 비슷한 부분은 찾아보기 힘듭니다.,"공통된 느낌이 있으나, 각자의 스타일이 더욱 강조됩니다.","서로의 스타일이 비슷해서, 이제 커플룩을 입어야 할 시점이에요!","이렇게 닮았다면, 패션 블로거로 나가면 큰 인기 끌 것 같아요!"
전혀 다른 스타일이네요! 서로 다르지만 매력적입니다.,"비슷한 매력이 있지만, 각자의 개성이 강하게 부각되네요.",두 분은 정말 형제처럼 닮았네요. 이제 함께 무대에 서야 할까요?,두 분은 마치 쌍둥이처럼 보이네요! 이건 진짜 반칙이에요!
"매력은 넘치지만, 닮은 점은 거의 없네요. 흥미로운 조합입니다.","서로 유사한 점이 보이지만, 각자의 매력이 매력적으로 드러납니다.","닮은 점이 많아, 같이 패션 대결을 벌이면 좋겠어요!","서로의 매력이 절묘하게 맞아떨어지니, 이제는 함께 무대에 서야 해요!"
"서로 다른 매력이 돋보이지만, 닮은 부분은 없네요. 흥미롭습니다.","비슷한 스타일이지만, 각자의 개성이 뚜렷하게 드러나요.",두 분은 마치 한 장의 포스터 같아요. 함께하면 더 빛날 듯!,이 정도면 함께 광고에 출연하면 대박날 것 같아요!
"아쉽지만, 서로 다른 매력이 강조되는 사진이에요. 흥미롭습니다.","두 분의 매력이 서로 닮은 듯하지만, 각각의 매력이 다르게 표현됩니다.","서로의 매력이 통하니, 이제는 팀으로 패션 아이콘이 되어야죠!","두 분의 스타일이 맞물려서, 패션 아이콘으로 나가야죠!"
"전혀 다른 느낌으로 정말 흥미롭지만, 비슷한 점은 없습니다.","약간의 유사성이 느껴지지만, 개성이 뚜렷하게 각자 다릅니다.",두 분은 완벽한 조합이에요. 이제 함께 스포트라이트를 받아보세요!,"완벽한 조화, 서로의 매력을 극대화 시키는 이 모습이 너무 멋져요!"
정말 독창적인 조합입니다. 닮은 부분은 전혀 느껴지지 않네요.,"서로 닮은 느낌이 있지만, 각자의 매력이 뚜렷하게 부각되네요.",두 분의 매력이 서로를 더욱 돋보이게 해주는 것 같아요!,여러분은 완벽한 팀워크로 패션쇼에 나가야 할 것 같아요!
아쉽게도 서로 닮은 점이 없는 것 같아요. 매력이 다릅니다.,"비슷한 매력이 있으나, 각자의 독창성이 잘 드러납니다.","이 정도 닮았다면, 이제 서로의 비밀을 나누는 시간이에요!","이 정도로 닮았다면, 이제 서로의 팬이 되어야죠!"
각자의 매력이 너무 뚜렷해서 닮은 점을 찾기 어려워요.,"두 분의 스타일에 유사점이 있지만, 매력이 다르게 표현됩니다.",두 분은 마치 동화 속의 주인공 같아요. 함께하면 더욱 특별해요!,두 분은 마치 한 편의 뮤직비디오 같은 느낌이에요! 매력 만점이에요!
"정말 흥미로운 조합이지만, 닮은 부분은 찾아보기 힘드네요.","유사한 느낌이 있으나, 각각의 개성이 더욱 눈에 띄네요.","서로의 매력이 비슷하니, 패션 블로거로 데뷔할 준비 되셨나요?","서로의 스타일을 반짝반짝 빛나게 해주는 이 조합, 너무 좋네요!"
서로 다른 매력이 두드러지네요! 닮은 점은 보이지 않네요.,"서로 비슷해 보이지만, 개성이 각각 뚜렷하게 드러납니다.",두 분은 진짜 친구 같아요! 이제 함께하는 모든 순간이 기대돼요!,"이 정도면 쌍둥이처럼 보이는 여러분, 사진 한 장으로 화제를 모을 듯!"
전혀 다른 스타일의 두 분이시네요! 닮은 점은 없어서 아쉽습니다.,"닮은 점이 있지만, 매력이 서로 다르게 표현되네요.","닮은 점이 많아서, 이제 함께 시너지 효과를 내야겠어요!",마치 같은 드라마의 주인공들이세요! 함께 스포트라이트를 받아야 해요!
아쉽게도 두 분의 닮은 부분이 전혀 없네요. 독특합니다.,"두 분은 공통된 매력이 있지만, 독창성이 강하게 느껴집니다.","두 분의 매력이 맞물려서, 패션쇼를 열어도 멋질 것 같아요!","두 분의 매력이 충만하니, 이제는 서로의 스타일을 공유해야겠어요!"
"매력은 넘치지만, 서로 닮은 점은 없는 것 같아요. 흥미롭습니다.","비슷한 매력이 느껴지지만, 개성이 각각 다르게 표현됩니다.","서로의 스타일이 비슷해서, 이제 함께 다니면 패션 강탈할 것 같아요!","이렇게 닮은 분들이 함께하면, 주목받지 않을 수가 없네요!"
"정말 흥미로운 두 분이지만, 닮은 부분은 전혀 없네요.","서로의 스타일에서 유사점이 보이지만, 독특한 매력이 드러납니다.",두 분은 정말 닮았네요. 이제 서로의 팬이 되어도 좋겠어요!,두 분은 정말 쌍둥이 같아요! 함께 사진 찍으면 SNS가 발칵 뒤집힐 듯!
서로 다른 매력이 강조되는 모습이네요. 닮은 점이 없어서 아쉽습니다.,"닮은 점이 느껴지지만, 각자의 매력이 독창적으로 부각됩니다.",이 정도면 이제는 함께 뷰티 유튜버로 나아가야 할 시점이에요!,"이 정도로 비슷하면, 이제는 함께하는 모든 순간이 기대돼요!"
"아쉽지만, 서로 다른 매력이 강하게 드러나는 모습입니다.","비슷한 매력이 있지만, 각자의 개성이 다르게 표현되어요.",두 분의 매력이 정말 매력적이네요. 이제 함께 무대에 서야 해요!,"서로의 매력이 비슷하니, 이제는 함께 패션 대결을 해보세요!"
"개성이 잘 드러나는 모습이지만, 비슷한 부분은 찾기 힘듭니다.","서로 유사한 느낌이 드는 동시에, 개성이 뚜렷하게 다르네요.","서로의 스타일이 비슷하니, 이제 패션 아이콘으로 나가야 할 때입니다!",두 분은 마치 영화의 주인공들 같아요! 함께하면 더욱 특별할 것 같아요!
"정말 독창적인 조합이지만, 닮은 부분은 전혀 느껴지지 않네요.","비슷한 매력이 느껴지지만, 각자의 개성이 더욱 강조됩니다.",두 분은 마치 쌍둥이처럼 보이네요! 함께 사진 찍으면 대박일 듯!,여러분은 완벽한 매칭이에요! 이제는 함께 패션 아이콘이 되어야죠!
"아쉽지만, 서로 다른 매력이 두드러지는 모습이에요. 흥미롭습니다.","두 분의 매력이 서로 닮은 듯하면서도, 독창성이 돋보입니다.","이 정도 닮았으면, 이제 패션 대결을 해보세요!",두 분의 매력이 정말 매력적이네요. 함께하는 순간이 더욱 기대돼요!
아쉽게도 서로 닮은 점이 없는 것 같아요! 매력이 다릅니다.,"닮은 느낌이 있지만, 각자의 개성이 뚜렷하게 다르게 표현됩니다.","두 분의 매력이 통하니, 함께 걸어다니면 시선 집중될 거예요!","닮은 점이 많아, 이제는 함께 다니면 패션 강탈할 것 같아요!"
"전혀 다른 느낌으로 정말 흥미롭지만, 닮은 점은 없습니다.","서로 비슷한 매력을 지니고 있지만, 독창성이 강하게 느껴지네요.","서로의 매력이 비슷해서, 이제 패션 아이콘으로 나아가야죠!",두 분은 마치 한 장의 포스터 같아요! 함께하면 더 빛날 듯!
정말 독창적인 조합입니다. 비슷한 점은 찾기 힘드네요.,"유사한 매력이 느껴지지만, 각각의 개성이 매력적으로 드러납니다.",두 분은 정말 형제처럼 보이네요. 이제 함께 패션 대결을 해야겠어요!,"서로의 매력이 비슷하니, 이제 패션 블로거로 나가야 할 시점이에요!"
"서로 다른 매력이 강조되지만, 닮은 부분은 찾기 힘듭니다.","비슷한 요소가 있지만, 매력이 서로 다르게 표현됩니다.",이 정도면 함께 패션 블로그를 시작해보면 좋겠어요!,두 분은 정말 닮았네요. 이제 함께 패션 대결을 해야겠어요!
"아쉽지만, 서로 다른 매력이 강조되는 사진이에요. 흥미롭습니다.","두 분은 비슷한 느낌이지만, 개성이 각각 다르게 부각됩니다.","서로 닮은 분위기가 느껴지니, 이제는 함께 티셔츠를 맞춰 입어야죠!",이 정도면 함께 패션쇼를 열어도 멋질 것 같아요!
전혀 다른 스타일의 두 분이시네요! 닮은 점은 보이지 않네요.,"닮은 점이 보이지만, 각자의 매력이 뚜렷하게 다릅니다.",두 분은 쌍둥이처럼 닮았네요! 함께 다니면 헷갈릴 것 같아요!,"서로의 매력이 닮아, 팬미팅을 해도 재밌겠어요!"
"정말 흥미로운 조합이지만, 비슷한 부분은 전혀 없네요. 아쉽습니다.","서로 유사한 매력이 느껴지지만, 각자의 독특한 스타일이 강조됩니다.","서로의 매력이 비슷하니, 이제는 함께 패션 대결을 해보세요!","두 분의 매력이 맞물려서, 이제 함께 댄스 배틀을 해도 좋겠어요!"
"각자의 매력이 잘 드러나지만, 닮은 점은 찾아보기 힘드네요.","비슷한 분위기가 느껴지지만, 각각의 매력이 강하게 드러납니다.",두 분은 정말 닮았어요. 이제 함께 스타일 아이콘이 되어야 할 듯!,마치 서로의 스타일을 훔쳐본 것처럼 닮았어요! 함께 나가야 해요!
